name,fips
"Aleutians East Borough, Alaska, US",02013
"Aleutians West Census Area, Alaska, US",02016
"Anchorage Municipality, Alaska, US",02020
"Bethel Census Area, Alaska, US",02050
"Bristol Bay Borough, Alaska, US",02060
"Denali Borough, Alaska, US",02068
"Dillingham Census Area, Alaska, US",02070
"Fairbanks North Star Borough, Alaska, US",02090
"Haines Borough, Alaska, US",02100
"Hoonah-Angoon Census Area, Alaska, US",02105
"Juneau City and Borough, Alaska, US",02110
"Kenai Peninsula Borough, Alaska, US",02122
"Ketchikan Gateway Borough, Alaska, US",02130
"Kodiak Island Borough, Alaska, US",02150
"Kusilvak Census Area, Alaska, US",02158
"Lake and Peninsula Borough, Alaska, US",02164
"Matanuska-Susitna Borough, Alaska, US",02170
"Nome Census Area, Alaska, US",02180
"North Slope Borough, Alaska, US",02185
"Northwest Arctic Borough, Alaska, US",02188
"Petersburg Borough, Alaska, US",02195
"Prince of Wales-Hyder Census Area, Alaska, US",02198
"Sitka City and Borough, Alaska, US",02220
"Skagway Municipality, Alaska, US",02230
"Southeast Fairbanks Census Area, Alaska, US",02240
"Valdez-Cordova Census Area, Alaska, US",02261
"Wrangell City and Borough, Alaska, US",02275
"Yakutat City and Borough, Alaska, US",02282
"Yukon-Koyukuk Census Area, Alaska, US",02290
"Autauga County, Alabama, US",01001
"Baldwin County, Alabama, US",01003
"Barbour County, Alabama, US",01005
"Bibb County, Alabama, US",01007
"Blount County, Alabama, US",01009
"Bullock County, Alabama, US",01011
"Butler County, Alabama, US",01013
"Calhoun County, Alabama, US",01015
"Chambers County, Alabama, US",01017
"Cherokee County, Alabama, US",01019
"Chilton County, Alabama, US",01021
"Choctaw County, Alabama, US",01023
"Clarke County, Alabama, US",01025
"Clay County, Alabama, US",01027
"Cleburne County, Alabama, US",01029
"Coffee County, Alabama, US",01031
"Colbert County, Alabama, US",01033
"Conecuh County, Alabama, US",01035
"Coosa County, Alabama, US",01037
"Covington County, Alabama, US",01039
"Crenshaw County, Alabama, US",01041
"Cullman County, Alabama, US",01043
"Dale County, Alabama, US",01045
"Dallas County, Alabama, US",01047
"DeKalb County, Alabama, US",01049
"Elmore County, Alabama, US",01051
"Escambia County, Alabama, US",01053
"Etowah County, Alabama, US",01055
"Fayette County, Alabama, US",01057
"Franklin County, Alabama, US",01059
"Geneva County, Alabama, US",01061
"Greene County, Alabama, US",01063
"Hale County, Alabama, US",01065
"Henry County, Alabama, US",01067
"Houston County, Alabama, US",01069
"Jackson County, Alabama, US",01071
"Jefferson County, Alabama, US",01073
"Lamar County, Alabama, US",01075
"Lauderdale County, Alabama, US",01077
"Lawrence County, Alabama, US",01079
"Lee County, Alabama, US",01081
"Limestone County, Alabama, US",01083
"Lowndes County, Alabama, US",01085
"Macon County, Alabama, US",01087
"Madison County, Alabama, US",01089
"Marengo County, Alabama, US",01091
"Marion County, Alabama, US",01093
"Marshall County, Alabama, US",01095
"Mobile County, Alabama, US",01097
"Monroe County, Alabama, US",01099
"Montgomery County, Alabama, US",01101
"Morgan County, Alabama, US",01103
"Perry County, Alabama, US",01105
"Pickens County, Alabama, US",01107
"Pike County, Alabama, US",01109
"Randolph County, Alabama, US",01111
"Russell County, Alabama, US",01113
"St. Clair County, Alabama, US",01115
"Shelby County, Alabama, US",01117
"Sumter County, Alabama, US",01119
"Talladega County, Alabama, US",01121
"Tallapoosa County, Alabama, US",01123
"Tuscaloosa County, Alabama, US",01125
"Walker County, Alabama, US",01127
"Washington County, Alabama, US",01129
"Wilcox County, Alabama, US",01131
"Winston County, Alabama, US",01133
"Arkansas County, Arkansas, US",05001
"Ashley County, Arkansas, US",05003
"Baxter County, Arkansas, US",05005
"Benton County, Arkansas, US",05007
"Boone County, Arkansas, US",05009
"Bradley County, Arkansas, US",05011
"Calhoun County, Arkansas, US",05013
"Carroll County, Arkansas, US",05015
"Chicot County, Arkansas, US",05017
"Clark County, Arkansas, US",05019
"Clay County, Arkansas, US",05021
"Cleburne County, Arkansas, US",05023
"Cleveland County, Arkansas, US",05025
"Columbia County, Arkansas, US",05027
"Conway County, Arkansas, US",05029
"Craighead County, Arkansas, US",05031
"Crawford County, Arkansas, US",05033
"Crittenden County, Arkansas, US",05035
"Cross County, Arkansas, US",05037
"Dallas County, Arkansas, US",05039
"Desha County, Arkansas, US",05041
"Drew County, Arkansas, US",05043
"Faulkner County, Arkansas, US",05045
"Franklin County, Arkansas, US",05047
"Fulton County, Arkansas, US",05049
"Garland County, Arkansas, US",05051
"Grant County, Arkansas, US",05053
"Greene County, Arkansas, US",05055
"Hempstead County, Arkansas, US",05057
"Hot Spring County, Arkansas, US",05059
"Howard County, Arkansas, US",05061
"Independence County, Arkansas, US",05063
"Izard County, Arkansas, US",05065
"Jackson County, Arkansas, US",05067
"Jefferson County, Arkansas, US",05069
"Johnson County, Arkansas, US",05071
"Lafayette County, Arkansas, US",05073
"Lawrence County, Arkansas, US",05075
"Lee County, Arkansas, US",05077
"Lincoln County, Arkansas, US",05079
"Little River County, Arkansas, US",05081
"Logan County, Arkansas, US",05083
"Lonoke County, Arkansas, US",05085
"Madison County, Arkansas, US",05087
"Marion County, Arkansas, US",05089
"Miller County, Arkansas, US",05091
"Mississippi County, Arkansas, US",05093
"Monroe County, Arkansas, US",05095
"Montgomery County, Arkansas, US",05097
"Nevada County, Arkansas, US",05099
"Newton County, Arkansas, US",05101
"Ouachita County, Arkansas, US",05103
"Perry County, Arkansas, US",05105
"Phillips County, Arkansas, US",05107
"Pike County, Arkansas, US",05109
"Poinsett County, Arkansas, US",05111
"Polk County, Arkansas, US",05113
"Pope County, Arkansas, US",05115
"Prairie County, Arkansas, US",05117
"Pulaski County, Arkansas, US",05119
"Randolph County, Arkansas, US",05121
"St. Francis County, Arkansas, US",05123
"Saline County, Arkansas, US",05125
"Scott County, Arkansas, US",05127
"Searcy County, Arkansas, US",05129
"Sebastian County, Arkansas, US",05131
"Sevier County, Arkansas, US",05133
"Sharp County, Arkansas, US",05135
"Stone County, Arkansas, US",05137
"Union County, Arkansas, US",05139
"Van Buren County, Arkansas, US",05141
"Washington County, Arkansas, US",05143
"White County, Arkansas, US",05145
"Woodruff County, Arkansas, US",05147
"Yell County, Arkansas, US",05149
"Apache County, Arizona, US",04001
"Cochise County, Arizona, US",04003
"Coconino County, Arizona, US",04005
"Gila County, Arizona, US",04007
"Graham County, Arizona, US",04009
"Greenlee County, Arizona, US",04011
"La Paz County, Arizona, US",04012
"Maricopa County, Arizona, US",04013
"Mohave County, Arizona, US",04015
"Navajo County, Arizona, US",04017
"Pima County, Arizona, US",04019
"Pinal County, Arizona, US",04021
"Santa Cruz County, Arizona, US",04023
"Yavapai County, Arizona, US",04025
"Yuma County, Arizona, US",04027
"Alameda County, California, US",06001
"Alpine County, California, US",06003
"Amador County, California, US",06005
"Butte County, California, US",06007
"Calaveras County, California, US",06009
"Colusa County, California, US",06011
"Contra Costa County, California, US",06013
"Del Norte County, California, US",06015
"El Dorado County, California, US",06017
"Fresno County, California, US",06019
"Glenn County, California, US",06021
"Humboldt County, California, US",06023
"Imperial County, California, US",06025
"Inyo County, California, US",06027
"Kern County, California, US",06029
"Kings County, California, US",06031
"Lake County, California, US",06033
"Lassen County, California, US",06035
"Los Angeles County, California, US",06037
"Madera County, California, US",06039
"Marin County, California, US",06041
"Mariposa County, California, US",06043
"Mendocino County, California, US",06045
"Merced County, California, US",06047
"Modoc County, California, US",06049
"Mono County, California, US",06051
"Monterey County, California, US",06053
"Napa County, California, US",06055
"Nevada County, California, US",06057
"Orange County, California, US",06059
"Placer County, California, US",06061
"Plumas County, California, US",06063
"Riverside County, California, US",06065
"Sacramento County, California, US",06067
"San Benito County, California, US",06069
"San Bernardino County, California, US",06071
"San Diego County, California, US",06073
"San Francisco County, California, US",06075
"San Joaquin County, California, US",06077
"San Luis Obispo County, California, US",06079
"San Mateo County, California, US",06081
"Santa Barbara County, California, US",06083
"Santa Clara County, California, US",06085
"Santa Cruz County, California, US",06087
"Shasta County, California, US",06089
"Sierra County, California, US",06091
"Siskiyou County, California, US",06093
"Solano County, California, US",06095
"Sonoma County, California, US",06097
"Stanislaus County, California, US",06099
"Sutter County, California, US",06101
"Tehama County, California, US",06103
"Trinity County, California, US",06105
"Tulare County, California, US",06107
"Tuolumne County, California, US",06109
"Ventura County, California, US",06111
"Yolo County, California, US",06113
"Yuba County, California, US",06115
"Adams County, Colorado, US",08001
"Alamosa County, Colorado, US",08003
"Arapahoe County, Colorado, US",08005
"Archuleta County, Colorado, US",08007
"Baca County, Colorado, US",08009
"Bent County, Colorado, US",08011
"Boulder County, Colorado, US",08013
"Broomfield County, Colorado, US",08014
"Chaffee County, Colorado, US",08015
"Cheyenne County, Colorado, US",08017
"Clear Creek County, Colorado, US",08019
"Conejos County, Colorado, US",08021
"Costilla County, Colorado, US",08023
"Crowley County, Colorado, US",08025
"Custer County, Colorado, US",08027
"Delta County, Colorado, US",08029
"Denver County, Colorado, US",08031
"Dolores County, Colorado, US",08033
"Douglas County, Colorado, US",08035
"Eagle County, Colorado, US",08037
"Elbert County, Colorado, US",08039
"El Paso County, Colorado, US",08041
"Fremont County, Colorado, US",08043
"Garfield County, Colorado, US",08045
"Gilpin County, Colorado, US",08047
"Grand County, Colorado, US",08049
"Gunnison County, Colorado, US",08051
"Hinsdale County, Colorado, US",08053
"Huerfano County, Colorado, US",08055
"Jackson County, Colorado, US",08057
"Jefferson County, Colorado, US",08059
"Kiowa County, Colorado, US",08061
"Kit Carson County, Colorado, US",08063
"Lake County, Colorado, US",08065
"La Plata County, Colorado, US",08067
"Larimer County, Colorado, US",08069
"Las Animas County, Colorado, US",08071
"Lincoln County, Colorado, US",08073
"Logan County, Colorado, US",08075
"Mesa County, Colorado, US",08077
"Mineral County, Colorado, US",08079
"Moffat County, Colorado, US",08081
"Montezuma County, Colorado, US",08083
"Montrose County, Colorado, US",08085
"Morgan County, Colorado, US",08087
"Otero County, Colorado, US",08089
"Ouray County, Colorado, US",08091
"Park County, Colorado, US",08093
"Phillips County, Colorado, US",08095
"Pitkin County, Colorado, US",08097
"Prowers County, Colorado, US",08099
"Pueblo County, Colorado, US",08101
"Rio Blanco County, Colorado, US",08103
"Rio Grande County, Colorado, US",08105
"Routt County, Colorado, US",08107
"Saguache County, Colorado, US",08109
"San Juan County, Colorado, US",08111
"San Miguel County, Colorado, US",08113
"Sedgwick County, Colorado, US",08115
"Summit County, Colorado, US",08117
"Teller County, Colorado, US",08119
"Washington County, Colorado, US",08121
"Weld County, Colorado, US",08123
"Yuma County, Colorado, US",08125
"Fairfield County, Connecticut, US",09001
"Hartford County, Connecticut, US",09003
"Litchfield County, Connecticut, US",09005
"Middlesex County, Connecticut, US",09007
"New Haven County, Connecticut, US",09009
"New London County, Connecticut, US",09011
"Tolland County, Connecticut, US",09013
"Windham County, Connecticut, US",09015
"District of Columbia, Washington, D.C., US",11001
"Kent County, Delaware, US",10001
"New Castle County, Delaware, US",10003
"Sussex County, Delaware, US",10005
"Alachua County, Florida, US",12001
"Baker County, Florida, US",12003
"Bay County, Florida, US",12005
"Bradford County, Florida, US",12007
"Brevard County, Florida, US",12009
"Broward County, Florida, US",12011
"Calhoun County, Florida, US",12013
"Charlotte County, Florida, US",12015
"Citrus County, Florida, US",12017
"Clay County, Florida, US",12019
"Collier County, Florida, US",12021
"Columbia County, Florida, US",12023
"DeSoto County, Florida, US",12027
"Dixie County, Florida, US",12029
"Duval County, Florida, US",12031
"Escambia County, Florida, US",12033
"Flagler County, Florida, US",12035
"Franklin County, Florida, US",12037
"Gadsden County, Florida, US",12039
"Gilchrist County, Florida, US",12041
"Glades County, Florida, US",12043
"Gulf County, Florida, US",12045
"Hamilton County, Florida, US",12047
"Hardee County, Florida, US",12049
"Hendry County, Florida, US",12051
"Hernando County, Florida, US",12053
"Highlands County, Florida, US",12055
"Hillsborough County, Florida, US",12057
"Holmes County, Florida, US",12059
"Indian River County, Florida, US",12061
"Jackson County, Florida, US",12063
"Jefferson County, Florida, US",12065
"Lafayette County, Florida, US",12067
"Lake County, Florida, US",12069
"Lee County, Florida, US",12071
"Leon County, Florida, US",12073
"Levy County, Florida, US",12075
"Liberty County, Florida, US",12077
"Madison County, Florida, US",12079
"Manatee County, Florida, US",12081
"Marion County, Florida, US",12083
"Martin County, Florida, US",12085
"Miami-Dade County, Florida, US",12086
"Monroe County, Florida, US",12087
"Nassau County, Florida, US",12089
"Okaloosa County, Florida, US",12091
"Okeechobee County, Florida, US",12093
"Orange County, Florida, US",12095
"Osceola County, Florida, US",12097
"Palm Beach County, Florida, US",12099
"Pasco County, Florida, US",12101
"Pinellas County, Florida, US",12103
"Polk County, Florida, US",12105
"Putnam County, Florida, US",12107
"St. Johns County, Florida, US",12109
"St. Lucie County, Florida, US",12111
"Santa Rosa County, Florida, US",12113
"Sarasota County, Florida, US",12115
"Seminole County, Florida, US",12117
"Sumter County, Florida, US",12119
"Suwannee County, Florida, US",12121
"Taylor County, Florida, US",12123
"Union County, Florida, US",12125
"Volusia County, Florida, US",12127
"Wakulla County, Florida, US",12129
"Walton County, Florida, US",12131
"Washington County, Florida, US",12133
"Appling County, Georgia, US",13001
"Atkinson County, Georgia, US",13003
"Bacon County, Georgia, US",13005
"Baker County, Georgia, US",13007
"Baldwin County, Georgia, US",13009
"Banks County, Georgia, US",13011
"Barrow County, Georgia, US",13013
"Bartow County, Georgia, US",13015
"Ben Hill County, Georgia, US",13017
"Berrien County, Georgia, US",13019
"Bibb County, Georgia, US",13021
"Bleckley County, Georgia, US",13023
"Brantley County, Georgia, US",13025
"Brooks County, Georgia, US",13027
"Bryan County, Georgia, US",13029
"Bulloch County, Georgia, US",13031
"Burke County, Georgia, US",13033
"Butts County, Georgia, US",13035
"Calhoun County, Georgia, US",13037
"Camden County, Georgia, US",13039
"Candler County, Georgia, US",13043
"Carroll County, Georgia, US",13045
"Catoosa County, Georgia, US",13047
"Charlton County, Georgia, US",13049
"Chatham County, Georgia, US",13051
"Chattahoochee County, Georgia, US",13053
"Chattooga County, Georgia, US",13055
"Cherokee County, Georgia, US",13057
"Clarke County, Georgia, US",13059
"Clay County, Georgia, US",13061
"Clayton County, Georgia, US",13063
"Clinch County, Georgia, US",13065
"Cobb County, Georgia, US",13067
"Coffee County, Georgia, US",13069
"Colquitt County, Georgia, US",13071
"Columbia County, Georgia, US",13073
"Cook County, Georgia, US",13075
"Coweta County, Georgia, US",13077
"Crawford County, Georgia, US",13079
"Crisp County, Georgia, US",13081
"Dade County, Georgia, US",13083
"Dawson County, Georgia, US",13085
"Decatur County, Georgia, US",13087
"DeKalb County, Georgia, US",13089
"Dodge County, Georgia, US",13091
"Dooly County, Georgia, US",13093
"Dougherty County, Georgia, US",13095
"Douglas County, Georgia, US",13097
"Early County, Georgia, US",13099
"Echols County, Georgia, US",13101
"Effingham County, Georgia, US",13103
"Elbert County, Georgia, US",13105
"Emanuel County, Georgia, US",13107
"Evans County, Georgia, US",13109
"Fannin County, Georgia, US",13111
"Fayette County, Georgia, US",13113
"Floyd County, Georgia, US",13115
"Forsyth County, Georgia, US",13117
"Franklin County, Georgia, US",13119
"Fulton County, Georgia, US",13121
"Gilmer County, Georgia, US",13123
"Glascock County, Georgia, US",13125
"Glynn County, Georgia, US",13127
"Gordon County, Georgia, US",13129
"Grady County, Georgia, US",13131
"Greene County, Georgia, US",13133
"Gwinnett County, Georgia, US",13135
"Habersham County, Georgia, US",13137
"Hall County, Georgia, US",13139
"Hancock County, Georgia, US",13141
"Haralson County, Georgia, US",13143
"Harris County, Georgia, US",13145
"Hart County, Georgia, US",13147
"Heard County, Georgia, US",13149
"Henry County, Georgia, US",13151
"Houston County, Georgia, US",13153
"Irwin County, Georgia, US",13155
"Jackson County, Georgia, US",13157
"Jasper County, Georgia, US",13159
"Jeff Davis County, Georgia, US",13161
"Jefferson County, Georgia, US",13163
"Jenkins County, Georgia, US",13165
"Johnson County, Georgia, US",13167
"Jones County, Georgia, US",13169
"Lamar County, Georgia, US",13171
"Lanier County, Georgia, US",13173
"Laurens County, Georgia, US",13175
"Lee County, Georgia, US",13177
"Liberty County, Georgia, US",13179
"Lincoln County, Georgia, US",13181
"Long County, Georgia, US",13183
"Lowndes County, Georgia, US",13185
"Lumpkin County, Georgia, US",13187
"McDuffie County, Georgia, US",13189
"McIntosh County, Georgia, US",13191
"Macon County, Georgia, US",13193
"Madison County, Georgia, US",13195
"Marion County, Georgia, US",13197
"Meriwether County, Georgia, US",13199
"Miller County, Georgia, US",13201
"Mitchell County, Georgia, US",13205
"Monroe County, Georgia, US",13207
"Montgomery County, Georgia, US",13209
"Morgan County, Georgia, US",13211
"Murray County, Georgia, US",13213
"Muscogee County, Georgia, US",13215
"Newton County, Georgia, US",13217
"Oconee County, Georgia, US",13219
"Oglethorpe County, Georgia, US",13221
"Paulding County, Georgia, US",13223
"Peach County, Georgia, US",13225
"Pickens County, Georgia, US",13227
"Pierce County, Georgia, US",13229
"Pike County, Georgia, US",13231
"Polk County, Georgia, US",13233
"Pulaski County, Georgia, US",13235
"Putnam County, Georgia, US",13237
"Quitman County, Georgia, US",13239
"Rabun County, Georgia, US",13241
"Randolph County, Georgia, US",13243
"Richmond County, Georgia, US",13245
"Rockdale County, Georgia, US",13247
"Schley County, Georgia, US",13249
"Screven County, Georgia, US",13251
"Seminole County, Georgia, US",13253
"Spalding County, Georgia, US",13255
"Stephens County, Georgia, US",13257
"Stewart County, Georgia, US",13259
"Sumter County, Georgia, US",13261
"Talbot County, Georgia, US",13263
"Taliaferro County, Georgia, US",13265
"Tattnall County, Georgia, US",13267
"Taylor County, Georgia, US",13269
"Telfair County, Georgia, US",13271
"Terrell County, Georgia, US",13273
"Thomas County, Georgia, US",13275
"Tift County, Georgia, US",13277
"Toombs County, Georgia, US",13279
"Towns County, Georgia, US",13281
"Treutlen County, Georgia, US",13283
"Troup County, Georgia, US",13285
"Turner County, Georgia, US",13287
"Twiggs County, Georgia, US",13289
"Union County, Georgia, US",13291
"Upson County, Georgia, US",13293
"Walker County, Georgia, US",13295
"Walton County, Georgia, US",13297
"Ware County, Georgia, US",13299
"Warren County, Georgia, US",13301
"Washington County, Georgia, US",13303
"Wayne County, Georgia, US",13305
"Webster County, Georgia, US",13307
"Wheeler County, Georgia, US",13309
"White County, Georgia, US",13311
"Whitfield County, Georgia, US",13313
"Wilcox County, Georgia, US",13315
"Wilkes County, Georgia, US",13317
"Wilkinson County, Georgia, US",13319
"Worth County, Georgia, US",13321
"Hawaii County, Hawaii, US",15001
"Honolulu County, Hawaii, US",15003
"Kalawao County, Hawaii, US",15005
"Kauai County, Hawaii, US",15007
"Maui County, Hawaii, US",15009
"Adair County, Iowa, US",19001
"Adams County, Iowa, US",19003
"Allamakee County, Iowa, US",19005
"Appanoose County, Iowa, US",19007
"Audubon County, Iowa, US",19009
"Benton County, Iowa, US",19011
"Black Hawk County, Iowa, US",19013
"Boone County, Iowa, US",19015
"Bremer County, Iowa, US",19017
"Buchanan County, Iowa, US",19019
"Buena Vista County, Iowa, US",19021
"Butler County, Iowa, US",19023
"Calhoun County, Iowa, US",19025
"Carroll County, Iowa, US",19027
"Cass County, Iowa, US",19029
"Cedar County, Iowa, US",19031
"Cerro Gordo County, Iowa, US",19033
"Cherokee County, Iowa, US",19035
"Chickasaw County, Iowa, US",19037
"Clarke County, Iowa, US",19039
"Clay County, Iowa, US",19041
"Clayton County, Iowa, US",19043
"Clinton County, Iowa, US",19045
"Crawford County, Iowa, US",19047
"Dallas County, Iowa, US",19049
"Davis County, Iowa, US",19051
"Decatur County, Iowa, US",19053
"Delaware County, Iowa, US",19055
"Des Moines County, Iowa, US",19057
"Dickinson County, Iowa, US",19059
"Dubuque County, Iowa, US",19061
"Emmet County, Iowa, US",19063
"Fayette County, Iowa, US",19065
"Floyd County, Iowa, US",19067
"Franklin County, Iowa, US",19069
"Fremont County, Iowa, US",19071
"Greene County, Iowa, US",19073
"Grundy County, Iowa, US",19075
"Guthrie County, Iowa, US",19077
"Hamilton County, Iowa, US",19079
"Hancock County, Iowa, US",19081
"Hardin County, Iowa, US",19083
"Harrison County, Iowa, US",19085
"Henry County, Iowa, US",19087
"Howard County, Iowa, US",19089
"Humboldt County, Iowa, US",19091
"Ida County, Iowa, US",19093
"Iowa County, Iowa, US",19095
"Jackson County, Iowa, US",19097
"Jasper County, Iowa, US",19099
"Jefferson County, Iowa, US",19101
"Johnson County, Iowa, US",19103
"Jones County, Iowa, US",19105
"Keokuk County, Iowa, US",19107
"Kossuth County, Iowa, US",19109
"Lee County, Iowa, US",19111
"Linn County, Iowa, US",19113
"Louisa County, Iowa, US",19115
"Lucas County, Iowa, US",19117
"Lyon County, Iowa, US",19119
"Madison County, Iowa, US",19121
"Mahaska County, Iowa, US",19123
"Marion County, Iowa, US",19125
"Marshall County, Iowa, US",19127
"Mills County, Iowa, US",19129
"Mitchell County, Iowa, US",19131
"Monona County, Iowa, US",19133
"Monroe County, Iowa, US",19135
"Montgomery County, Iowa, US",19137
"Muscatine County, Iowa, US",19139
"O'Brien County, Iowa, US",19141
"Osceola County, Iowa, US",19143
"Page County, Iowa, US",19145
"Palo Alto County, Iowa, US",19147
"Plymouth County, Iowa, US",19149
"Pocahontas County, Iowa, US",19151
"Polk County, Iowa, US",19153
"Pottawattamie County, Iowa, US",19155
"Poweshiek County, Iowa, US",19157
"Ringgold County, Iowa, US",19159
"Sac County, Iowa, US",19161
"Scott County, Iowa, US",19163
"Shelby County, Iowa, US",19165
"Sioux County, Iowa, US",19167
"Story County, Iowa, US",19169
"Tama County, Iowa, US",19171
"Taylor County, Iowa, US",19173
"Union County, Iowa, US",19175
"Van Buren County, Iowa, US",19177
"Wapello County, Iowa, US",19179
"Warren County, Iowa, US",19181
"Washington County, Iowa, US",19183
"Wayne County, Iowa, US",19185
"Webster County, Iowa, US",19187
"Winnebago County, Iowa, US",19189
"Winneshiek County, Iowa, US",19191
"Woodbury County, Iowa, US",19193
"Worth County, Iowa, US",19195
"Wright County, Iowa, US",19197
"Ada County, Idaho, US",16001
"Adams County, Idaho, US",16003
"Bannock County, Idaho, US",16005
"Bear Lake County, Idaho, US",16007
"Benewah County, Idaho, US",16009
"Bingham County, Idaho, US",16011
"Blaine County, Idaho, US",16013
"Boise County, Idaho, US",16015
"Bonner County, Idaho, US",16017
"Bonneville County, Idaho, US",16019
"Boundary County, Idaho, US",16021
"Butte County, Idaho, US",16023
"Camas County, Idaho, US",16025
"Canyon County, Idaho, US",16027
"Caribou County, Idaho, US",16029
"Cassia County, Idaho, US",16031
"Clark County, Idaho, US",16033
"Clearwater County, Idaho, US",16035
"Custer County, Idaho, US",16037
"Elmore County, Idaho, US",16039
"Franklin County, Idaho, US",16041
"Fremont County, Idaho, US",16043
"Gem County, Idaho, US",16045
"Gooding County, Idaho, US",16047
"Idaho County, Idaho, US",16049
"Jefferson County, Idaho, US",16051
"Jerome County, Idaho, US",16053
"Kootenai County, Idaho, US",16055
"Latah County, Idaho, US",16057
"Lemhi County, Idaho, US",16059
"Lewis County, Idaho, US",16061
"Lincoln County, Idaho, US",16063
"Madison County, Idaho, US",16065
"Minidoka County, Idaho, US",16067
"Nez Perce County, Idaho, US",16069
"Oneida County, Idaho, US",16071
"Owyhee County, Idaho, US",16073
"Payette County, Idaho, US",16075
"Power County, Idaho, US",16077
"Shoshone County, Idaho, US",16079
"Teton County, Idaho, US",16081
"Twin Falls County, Idaho, US",16083
"Valley County, Idaho, US",16085
"Washington County, Idaho, US",16087
"Adams County, Illinois, US",17001
"Alexander County, Illinois, US",17003
"Bond County, Illinois, US",17005
"Boone County, Illinois, US",17007
"Brown County, Illinois, US",17009
"Bureau County, Illinois, US",17011
"Calhoun County, Illinois, US",17013
"Carroll County, Illinois, US",17015
"Cass County, Illinois, US",17017
"Champaign County, Illinois, US",17019
"Christian County, Illinois, US",17021
"Clark County, Illinois, US",17023
"Clay County, Illinois, US",17025
"Clinton County, Illinois, US",17027
"Coles County, Illinois, US",17029
"Cook County, Illinois, US",17031
"Crawford County, Illinois, US",17033
"Cumberland County, Illinois, US",17035
"DeKalb County, Illinois, US",17037
"De Witt County, Illinois, US",17039
"Douglas County, Illinois, US",17041
"DuPage County, Illinois, US",17043
"Edgar County, Illinois, US",17045
"Edwards County, Illinois, US",17047
"Effingham County, Illinois, US",17049
"Fayette County, Illinois, US",17051
"Ford County, Illinois, US",17053
"Franklin County, Illinois, US",17055
"Fulton County, Illinois, US",17057
"Gallatin County, Illinois, US",17059
"Greene County, Illinois, US",17061
"Grundy County, Illinois, US",17063
"Hamilton County, Illinois, US",17065
"Hancock County, Illinois, US",17067
"Hardin County, Illinois, US",17069
"Henderson County, Illinois, US",17071
"Henry County, Illinois, US",17073
"Iroquois County, Illinois, US",17075
"Jackson County, Illinois, US",17077
"Jasper County, Illinois, US",17079
"Jefferson County, Illinois, US",17081
"Jersey County, Illinois, US",17083
"Jo Daviess County, Illinois, US",17085
"Johnson County, Illinois, US",17087
"Kane County, Illinois, US",17089
"Kankakee County, Illinois, US",17091
"Kendall County, Illinois, US",17093
"Knox County, Illinois, US",17095
"Lake County, Illinois, US",17097
"LaSalle County, Illinois, US",17099
"Lawrence County, Illinois, US",17101
"Lee County, Illinois, US",17103
"Livingston County, Illinois, US",17105
"Logan County, Illinois, US",17107
"McDonough County, Illinois, US",17109
"McHenry County, Illinois, US",17111
"McLean County, Illinois, US",17113
"Macon County, Illinois, US",17115
"Macoupin County, Illinois, US",17117
"Madison County, Illinois, US",17119
"Marion County, Illinois, US",17121
"Marshall County, Illinois, US",17123
"Mason County, Illinois, US",17125
"Massac County, Illinois, US",17127
"Menard County, Illinois, US",17129
"Mercer County, Illinois, US",17131
"Monroe County, Illinois, US",17133
"Montgomery County, Illinois, US",17135
"Morgan County, Illinois, US",17137
"Moultrie County, Illinois, US",17139
"Ogle County, Illinois, US",17141
"Peoria County, Illinois, US",17143
"Perry County, Illinois, US",17145
"Piatt County, Illinois, US",17147
"Pike County, Illinois, US",17149
"Pope County, Illinois, US",17151
"Pulaski County, Illinois, US",17153
"Putnam County, Illinois, US",17155
"Randolph County, Illinois, US",17157
"Richland County, Illinois, US",17159
"Rock Island County, Illinois, US",17161
"St. Clair County, Illinois, US",17163
"Saline County, Illinois, US",17165
"Sangamon County, Illinois, US",17167
"Schuyler County, Illinois, US",17169
"Scott County, Illinois, US",17171
"Shelby County, Illinois, US",17173
"Stark County, Illinois, US",17175
"Stephenson County, Illinois, US",17177
"Tazewell County, Illinois, US",17179
"Union County, Illinois, US",17181
"Vermilion County, Illinois, US",17183
"Wabash County, Illinois, US",17185
"Warren County, Illinois, US",17187
"Washington County, Illinois, US",17189
"Wayne County, Illinois, US",17191
"White County, Illinois, US",17193
"Whiteside County, Illinois, US",17195
"Will County, Illinois, US",17197
"Williamson County, Illinois, US",17199
"Winnebago County, Illinois, US",17201
"Woodford County, Illinois, US",17203
"Adams County, Indiana, US",18001
"Allen County, Indiana, US",18003
"Bartholomew County, Indiana, US",18005
"Benton County, Indiana, US",18007
"Blackford County, Indiana, US",18009
"Boone County, Indiana, US",18011
"Brown County, Indiana, US",18013
"Carroll County, Indiana, US",18015
"Cass County, Indiana, US",18017
"Clark County, Indiana, US",18019
"Clay County, Indiana, US",18021
"Clinton County, Indiana, US",18023
"Crawford County, Indiana, US",18025
"Daviess County, Indiana, US",18027
"Dearborn County, Indiana, US",18029
"Decatur County, Indiana, US",18031
"DeKalb County, Indiana, US",18033
"Delaware County, Indiana, US",18035
"Dubois County, Indiana, US",18037
"Elkhart County, Indiana, US",18039
"Fayette County, Indiana, US",18041
"Floyd County, Indiana, US",18043
"Fountain County, Indiana, US",18045
"Franklin County, Indiana, US",18047
"Fulton County, Indiana, US",18049
"Gibson County, Indiana, US",18051
"Grant County, Indiana, US",18053
"Greene County, Indiana, US",18055
"Hamilton County, Indiana, US",18057
"Hancock County, Indiana, US",18059
"Harrison County, Indiana, US",18061
"Hendricks County, Indiana, US",18063
"Henry County, Indiana, US",18065
"Howard County, Indiana, US",18067
"Huntington County, Indiana, US",18069
"Jackson County, Indiana, US",18071
"Jasper County, Indiana, US",18073
"Jay County, Indiana, US",18075
"Jefferson County, Indiana, US",18077
"Jennings County, Indiana, US",18079
"Johnson County, Indiana, US",18081
"Knox County, Indiana, US",18083
"Kosciusko County, Indiana, US",18085
"LaGrange County, Indiana, US",18087
"Lake County, Indiana, US",18089
"LaPorte County, Indiana, US",18091
"Lawrence County, Indiana, US",18093
"Madison County, Indiana, US",18095
"Marion County, Indiana, US",18097
"Marshall County, Indiana, US",18099
"Martin County, Indiana, US",18101
"Miami County, Indiana, US",18103
"Monroe County, Indiana, US",18105
"Montgomery County, Indiana, US",18107
"Morgan County, Indiana, US",18109
"Newton County, Indiana, US",18111
"Noble County, Indiana, US",18113
"Ohio County, Indiana, US",18115
"Orange County, Indiana, US",18117
"Owen County, Indiana, US",18119
"Parke County, Indiana, US",18121
"Perry County, Indiana, US",18123
"Pike County, Indiana, US",18125
"Porter County, Indiana, US",18127
"Posey County, Indiana, US",18129
"Pulaski County, Indiana, US",18131
"Putnam County, Indiana, US",18133
"Randolph County, Indiana, US",18135
"Ripley County, Indiana, US",18137
"Rush County, Indiana, US",18139
"St. Joseph County, Indiana, US",18141
"Scott County, Indiana, US",18143
"Shelby County, Indiana, US",18145
"Spencer County, Indiana, US",18147
"Starke County, Indiana, US",18149
"Steuben County, Indiana, US",18151
"Sullivan County, Indiana, US",18153
"Switzerland County, Indiana, US",18155
"Tippecanoe County, Indiana, US",18157
"Tipton County, Indiana, US",18159
"Union County, Indiana, US",18161
"Vanderburgh County, Indiana, US",18163
"Vermillion County, Indiana, US",18165
"Vigo County, Indiana, US",18167
"Wabash County, Indiana, US",18169
"Warren County, Indiana, US",18171
"Warrick County, Indiana, US",18173
"Washington County, Indiana, US",18175
"Wayne County, Indiana, US",18177
"Wells County, Indiana, US",18179
"White County, Indiana, US",18181
"Whitley County, Indiana, US",18183
"Bourbon County, Kansas, US",20011
"Butler County, Kansas, US",20015
"Cherokee County, Kansas, US",20021
"Clay County, Kansas, US",20027
"Coffey County, Kansas, US",20031
"Crawford County, Kansas, US",20037
"Doniphan County, Kansas, US",20043
"Douglas County, Kansas, US",20045
"Ford County, Kansas, US",20057
"Franklin County, Kansas, US",20059
"Gove County, Kansas, US",20063
"Harvey County, Kansas, US",20079
"Jackson County, Kansas, US",20085
"Jefferson County, Kansas, US",20087
"Johnson County, Kansas, US",20091
"Leavenworth County, Kansas, US",20103
"Linn County, Kansas, US",20107
"Lyon County, Kansas, US",20111
"Mitchell County, Kansas, US",20123
"Morris County, Kansas, US",20127
"Neosho County, Kansas, US",20133
"Pottawatomie County, Kansas, US",20149
"Reno County, Kansas, US",20155
"Riley County, Kansas, US",20161
"Sedgwick County, Kansas, US",20173
"Shawnee County, Kansas, US",20177
"Woodson County, Kansas, US",20207
"Wyandotte County, Kansas, US",20209
"Adair County, Kentucky, US",21001
"Allen County, Kentucky, US",21003
"Anderson County, Kentucky, US",21005
"Ballard County, Kentucky, US",21007
"Barren County, Kentucky, US",21009
"Bath County, Kentucky, US",21011
"Bell County, Kentucky, US",21013
"Boone County, Kentucky, US",21015
"Bourbon County, Kentucky, US",21017
"Boyd County, Kentucky, US",21019
"Boyle County, Kentucky, US",21021
"Bracken County, Kentucky, US",21023
"Breathitt County, Kentucky, US",21025
"Breckinridge County, Kentucky, US",21027
"Bullitt County, Kentucky, US",21029
"Butler County, Kentucky, US",21031
"Caldwell County, Kentucky, US",21033
"Calloway County, Kentucky, US",21035
"Campbell County, Kentucky, US",21037
"Carlisle County, Kentucky, US",21039
"Carroll County, Kentucky, US",21041
"Carter County, Kentucky, US",21043
"Casey County, Kentucky, US",21045
"Christian County, Kentucky, US",21047
"Clark County, Kentucky, US",21049
"Clay County, Kentucky, US",21051
"Clinton County, Kentucky, US",21053
"Crittenden County, Kentucky, US",21055
"Cumberland County, Kentucky, US",21057
"Daviess County, Kentucky, US",21059
"Edmonson County, Kentucky, US",21061
"Elliott County, Kentucky, US",21063
"Estill County, Kentucky, US",21065
"Fayette County, Kentucky, US",21067
"Fleming County, Kentucky, US",21069
"Floyd County, Kentucky, US",21071
"Franklin County, Kentucky, US",21073
"Fulton County, Kentucky, US",21075
"Gallatin County, Kentucky, US",21077
"Garrard County, Kentucky, US",21079
"Grant County, Kentucky, US",21081
"Graves County, Kentucky, US",21083
"Grayson County, Kentucky, US",21085
"Green County, Kentucky, US",21087
"Greenup County, Kentucky, US",21089
"Hancock County, Kentucky, US",21091
"Hardin County, Kentucky, US",21093
"Harlan County, Kentucky, US",21095
"Harrison County, Kentucky, US",21097
"Hart County, Kentucky, US",21099
"Henderson County, Kentucky, US",21101
"Henry County, Kentucky, US",21103
"Hickman County, Kentucky, US",21105
"Hopkins County, Kentucky, US",21107
"Jackson County, Kentucky, US",21109
"Jefferson County, Kentucky, US",21111
"Jessamine County, Kentucky, US",21113
"Johnson County, Kentucky, US",21115
"Kenton County, Kentucky, US",21117
"Knott County, Kentucky, US",21119
"Knox County, Kentucky, US",21121
"Larue County, Kentucky, US",21123
"Laurel County, Kentucky, US",21125
"Lawrence County, Kentucky, US",21127
"Lee County, Kentucky, US",21129
"Leslie County, Kentucky, US",21131
"Letcher County, Kentucky, US",21133
"Lewis County, Kentucky, US",21135
"Lincoln County, Kentucky, US",21137
"Livingston County, Kentucky, US",21139
"Logan County, Kentucky, US",21141
"Lyon County, Kentucky, US",21143
"McCracken County, Kentucky, US",21145
"McCreary County, Kentucky, US",21147
"McLean County, Kentucky, US",21149
"Madison County, Kentucky, US",21151
"Magoffin County, Kentucky, US",21153
"Marion County, Kentucky, US",21155
"Marshall County, Kentucky, US",21157
"Martin County, Kentucky, US",21159
"Mason County, Kentucky, US",21161
"Meade County, Kentucky, US",21163
"Menifee County, Kentucky, US",21165
"Mercer County, Kentucky, US",21167
"Metcalfe County, Kentucky, US",21169
"Monroe County, Kentucky, US",21171
"Montgomery County, Kentucky, US",21173
"Morgan County, Kentucky, US",21175
"Muhlenberg County, Kentucky, US",21177
"Nelson County, Kentucky, US",21179
"Nicholas County, Kentucky, US",21181
"Ohio County, Kentucky, US",21183
"Oldham County, Kentucky, US",21185
"Owen County, Kentucky, US",21187
"Owsley County, Kentucky, US",21189
"Pendleton County, Kentucky, US",21191
"Perry County, Kentucky, US",21193
"Pike County, Kentucky, US",21195
"Powell County, Kentucky, US",21197
"Pulaski County, Kentucky, US",21199
"Robertson County, Kentucky, US",21201
"Rockcastle County, Kentucky, US",21203
"Rowan County, Kentucky, US",21205
"Russell County, Kentucky, US",21207
"Scott County, Kentucky, US",21209
"Shelby County, Kentucky, US",21211
"Simpson County, Kentucky, US",21213
"Spencer County, Kentucky, US",21215
"Taylor County, Kentucky, US",21217
"Todd County, Kentucky, US",21219
"Trigg County, Kentucky, US",21221
"Trimble County, Kentucky, US",21223
"Union County, Kentucky, US",21225
"Warren County, Kentucky, US",21227
"Washington County, Kentucky, US",21229
"Wayne County, Kentucky, US",21231
"Webster County, Kentucky, US",21233
"Whitley County, Kentucky, US",21235
"Wolfe County, Kentucky, US",21237
"Woodford County, Kentucky, US",21239
"Acadia Parish, Louisiana, US",22001
"Allen Parish, Louisiana, US",22003
"Ascension Parish, Louisiana, US",22005
"Assumption Parish, Louisiana, US",22007
"Avoyelles Parish, Louisiana, US",22009
"Beauregard Parish, Louisiana, US",22011
"Bienville Parish, Louisiana, US",22013
"Bossier Parish, Louisiana, US",22015
"Caddo Parish, Louisiana, US",22017
"Calcasieu Parish, Louisiana, US",22019
"Catahoula Parish, Louisiana, US",22025
"Claiborne Parish, Louisiana, US",22027
"De Soto Parish, Louisiana, US",22031
"East Baton Rouge Parish, Louisiana, US",22033
"Evangeline Parish, Louisiana, US",22039
"Grant Parish, Louisiana, US",22043
"Iberia Parish, Louisiana, US",22045
"Iberville Parish, Louisiana, US",22047
"Jefferson Parish, Louisiana, US",22051
"Lafayette Parish, Louisiana, US",22055
"Lafourche Parish, Louisiana, US",22057
"Lincoln Parish, Louisiana, US",22061
"Livingston Parish, Louisiana, US",22063
"Natchitoches Parish, Louisiana, US",22069
"Orleans Parish, Louisiana, US",22071
"Ouachita Parish, Louisiana, US",22073
"Plaquemines Parish, Louisiana, US",22075
"Rapides Parish, Louisiana, US",22079
"Richland Parish, Louisiana, US",22083
"St. Bernard Parish, Louisiana, US",22087
"St. Charles Parish, Louisiana, US",22089
"St. James Parish, Louisiana, US",22093
"St. John the Baptist Parish, Louisiana, US",22095
"St. Landry Parish, Louisiana, US",22097
"St. Martin Parish, Louisiana, US",22099
"St. Mary Parish, Louisiana, US",22101
"St. Tammany Parish, Louisiana, US",22103
"Tangipahoa Parish, Louisiana, US",22105
"Terrebonne Parish, Louisiana, US",22109
"Vernon Parish, Louisiana, US",22115
"Washington Parish, Louisiana, US",22117
"Webster Parish, Louisiana, US",22119
"West Baton Rouge Parish, Louisiana, US",22121
"Barnstable County, Massachusetts, US",25001
"Berkshire County, Massachusetts, US",25003
"Bristol County, Massachusetts, US",25005
"Dukes County, Massachusetts, US",25007
"Essex County, Massachusetts, US",25009
"Franklin County, Massachusetts, US",25011
"Hampden County, Massachusetts, US",25013
"Hampshire County, Massachusetts, US",25015
"Middlesex County, Massachusetts, US",25017
"Nantucket County, Massachusetts, US",25019
"Norfolk County, Massachusetts, US",25021
"Plymouth County, Massachusetts, US",25023
"Suffolk County, Massachusetts, US",25025
"Worcester County, Massachusetts, US",25027
"Anne Arundel County, Maryland, US",24003
"Baltimore County, Maryland, US",24005
"Calvert County, Maryland, US",24009
"Caroline County, Maryland, US",24011
"Carroll County, Maryland, US",24013
"Cecil County, Maryland, US",24015
"Charles County, Maryland, US",24017
"Frederick County, Maryland, US",24021
"Garrett County, Maryland, US",24023
"Harford County, Maryland, US",24025
"Howard County, Maryland, US",24027
"Montgomery County, Maryland, US",24031
"Prince George's County, Maryland, US",24033
"Queen Anne's County, Maryland, US",24035
"St. Mary's County, Maryland, US",24037
"Somerset County, Maryland, US",24039
"Talbot County, Maryland, US",24041
"Washington County, Maryland, US",24043
"Wicomico County, Maryland, US",24045
"Worcester County, Maryland, US",24047
"Androscoggin County, Maine, US",23001
"Aroostook County, Maine, US",23003
"Cumberland County, Maine, US",23005
"Franklin County, Maine, US",23007
"Hancock County, Maine, US",23009
"Kennebec County, Maine, US",23011
"Knox County, Maine, US",23013
"Lincoln County, Maine, US",23015
"Oxford County, Maine, US",23017
"Penobscot County, Maine, US",23019
"Piscataquis County, Maine, US",23021
"Sagadahoc County, Maine, US",23023
"Somerset County, Maine, US",23025
"Waldo County, Maine, US",23027
"Washington County, Maine, US",23029
"York County, Maine, US",23031
"Allegan County, Michigan, US",26005
"Barry County, Michigan, US",26015
"Bay County, Michigan, US",26017
"Berrien County, Michigan, US",26021
"Calhoun County, Michigan, US",26025
"Charlevoix County, Michigan, US",26029
"Chippewa County, Michigan, US",26033
"Clare County, Michigan, US",26035
"Clinton County, Michigan, US",26037
"Eaton County, Michigan, US",26045
"Emmet County, Michigan, US",26047
"Genesee County, Michigan, US",26049
"Gladwin County, Michigan, US",26051
"Grand Traverse County, Michigan, US",26055
"Ingham County, Michigan, US",26065
"Jackson County, Michigan, US",26075
"Kalamazoo County, Michigan, US",26077
"Kent County, Michigan, US",26081
"Leelanau County, Michigan, US",26089
"Livingston County, Michigan, US",26093
"Macomb County, Michigan, US",26099
"Midland County, Michigan, US",26111
"Monroe County, Michigan, US",26115
"Montcalm County, Michigan, US",26117
"Muskegon County, Michigan, US",26121
"Newaygo County, Michigan, US",26123
"Oakland County, Michigan, US",26125
"Otsego County, Michigan, US",26137
"Ottawa County, Michigan, US",26139
"Roscommon County, Michigan, US",26143
"Saginaw County, Michigan, US",26145
"St. Clair County, Michigan, US",26147
"Tuscola County, Michigan, US",26157
"Washtenaw County, Michigan, US",26161
"Wayne County, Michigan, US",26163
"Wexford County, Michigan, US",26165
"Anoka County, Minnesota, US",27003
"Benton County, Minnesota, US",27009
"Big Stone County, Minnesota, US",27011
"Blue Earth County, Minnesota, US",27013
"Carver County, Minnesota, US",27019
"Cass County, Minnesota, US",27021
"Chisago County, Minnesota, US",27025
"Clay County, Minnesota, US",27027
"Dakota County, Minnesota, US",27037
"Dodge County, Minnesota, US",27039
"Fillmore County, Minnesota, US",27045
"Hennepin County, Minnesota, US",27053
"Jackson County, Minnesota, US",27063
"Lac qui Parle County, Minnesota, US",27073
"Le Sueur County, Minnesota, US",27079
"Martin County, Minnesota, US",27091
"Mower County, Minnesota, US",27099
"Nicollet County, Minnesota, US",27103
"Olmsted County, Minnesota, US",27109
"Ramsey County, Minnesota, US",27123
"Renville County, Minnesota, US",27129
"Rice County, Minnesota, US",27131
"St. Louis County, Minnesota, US",27137
"Scott County, Minnesota, US",27139
"Sherburne County, Minnesota, US",27141
"Stearns County, Minnesota, US",27145
"Steele County, Minnesota, US",27147
"Wabasha County, Minnesota, US",27157
"Waseca County, Minnesota, US",27161
"Washington County, Minnesota, US",27163
"Wright County, Minnesota, US",27171
"Bates County, Missouri, US",29013
"Boone County, Missouri, US",29019
"Cass County, Missouri, US",29037
"Christian County, Missouri, US",29043
"Cole County, Missouri, US",29051
"Dunklin County, Missouri, US",29069
"Greene County, Missouri, US",29077
"Henry County, Missouri, US",29083
"Jackson County, Missouri, US",29095
"Jasper County, Missouri, US",29097
"Johnson County, Missouri, US",29101
"Pulaski County, Missouri, US",29169
"St. Charles County, Missouri, US",29183
"St. Louis County, Missouri, US",29189
"Scott County, Missouri, US",29201
"Adams County, Mississippi, US",28001
"Alcorn County, Mississippi, US",28003
"Amite County, Mississippi, US",28005
"Attala County, Mississippi, US",28007
"Benton County, Mississippi, US",28009
"Bolivar County, Mississippi, US",28011
"Calhoun County, Mississippi, US",28013
"Carroll County, Mississippi, US",28015
"Chickasaw County, Mississippi, US",28017
"Choctaw County, Mississippi, US",28019
"Claiborne County, Mississippi, US",28021
"Clarke County, Mississippi, US",28023
"Clay County, Mississippi, US",28025
"Coahoma County, Mississippi, US",28027
"Copiah County, Mississippi, US",28029
"Covington County, Mississippi, US",28031
"DeSoto County, Mississippi, US",28033
"Forrest County, Mississippi, US",28035
"Franklin County, Mississippi, US",28037
"George County, Mississippi, US",28039
"Greene County, Mississippi, US",28041
"Grenada County, Mississippi, US",28043
"Hancock County, Mississippi, US",28045
"Harrison County, Mississippi, US",28047
"Hinds County, Mississippi, US",28049
"Holmes County, Mississippi, US",28051
"Humphreys County, Mississippi, US",28053
"Issaquena County, Mississippi, US",28055
"Itawamba County, Mississippi, US",28057
"Jackson County, Mississippi, US",28059
"Jasper County, Mississippi, US",28061
"Jefferson County, Mississippi, US",28063
"Jefferson Davis County, Mississippi, US",28065
"Jones County, Mississippi, US",28067
"Kemper County, Mississippi, US",28069
"Lafayette County, Mississippi, US",28071
"Lamar County, Mississippi, US",28073
"Lauderdale County, Mississippi, US",28075
"Lawrence County, Mississippi, US",28077
"Leake County, Mississippi, US",28079
"Lee County, Mississippi, US",28081
"Leflore County, Mississippi, US",28083
"Lincoln County, Mississippi, US",28085
"Lowndes County, Mississippi, US",28087
"Madison County, Mississippi, US",28089
"Marion County, Mississippi, US",28091
"Marshall County, Mississippi, US",28093
"Monroe County, Mississippi, US",28095
"Montgomery County, Mississippi, US",28097
"Neshoba County, Mississippi, US",28099
"Newton County, Mississippi, US",28101
"Noxubee County, Mississippi, US",28103
"Oktibbeha County, Mississippi, US",28105
"Panola County, Mississippi, US",28107
"Pearl River County, Mississippi, US",28109
"Perry County, Mississippi, US",28111
"Pike County, Mississippi, US",28113
"Pontotoc County, Mississippi, US",28115
"Prentiss County, Mississippi, US",28117
"Quitman County, Mississippi, US",28119
"Rankin County, Mississippi, US",28121
"Scott County, Mississippi, US",28123
"Sharkey County, Mississippi, US",28125
"Simpson County, Mississippi, US",28127
"Smith County, Mississippi, US",28129
"Stone County, Mississippi, US",28131
"Sunflower County, Mississippi, US",28133
"Tallahatchie County, Mississippi, US",28135
"Tate County, Mississippi, US",28137
"Tippah County, Mississippi, US",28139
"Tishomingo County, Mississippi, US",28141
"Tunica County, Mississippi, US",28143
"Union County, Mississippi, US",28145
"Walthall County, Mississippi, US",28147
"Warren County, Mississippi, US",28149
"Washington County, Mississippi, US",28151
"Wayne County, Mississippi, US",28153
"Webster County, Mississippi, US",28155
"Wilkinson County, Mississippi, US",28157
"Winston County, Mississippi, US",28159
"Yalobusha County, Mississippi, US",28161
"Yazoo County, Mississippi, US",28163
"Broadwater County, Montana, US",30007
"Cascade County, Montana, US",30013
"Flathead County, Montana, US",30029
"Gallatin County, Montana, US",30031
"Lewis and Clark County, Montana, US",30049
"Madison County, Montana, US",30057
"Missoula County, Montana, US",30063
"Ravalli County, Montana, US",30081
"Roosevelt County, Montana, US",30085
"Silver Bow County, Montana, US",30093
"Yellowstone County, Montana, US",30111
"Alamance County, North Carolina, US",37001
"Alexander County, North Carolina, US",37003
"Alleghany County, North Carolina, US",37005
"Anson County, North Carolina, US",37007
"Ashe County, North Carolina, US",37009
"Avery County, North Carolina, US",37011
"Beaufort County, North Carolina, US",37013
"Bertie County, North Carolina, US",37015
"Bladen County, North Carolina, US",37017
"Brunswick County, North Carolina, US",37019
"Buncombe County, North Carolina, US",37021
"Burke County, North Carolina, US",37023
"Cabarrus County, North Carolina, US",37025
"Caldwell County, North Carolina, US",37027
"Camden County, North Carolina, US",37029
"Carteret County, North Carolina, US",37031
"Caswell County, North Carolina, US",37033
"Catawba County, North Carolina, US",37035
"Chatham County, North Carolina, US",37037
"Cherokee County, North Carolina, US",37039
"Chowan County, North Carolina, US",37041
"Clay County, North Carolina, US",37043
"Cleveland County, North Carolina, US",37045
"Columbus County, North Carolina, US",37047
"Craven County, North Carolina, US",37049
"Cumberland County, North Carolina, US",37051
"Currituck County, North Carolina, US",37053
"Dare County, North Carolina, US",37055
"Davidson County, North Carolina, US",37057
"Davie County, North Carolina, US",37059
"Duplin County, North Carolina, US",37061
"Durham County, North Carolina, US",37063
"Edgecombe County, North Carolina, US",37065
"Forsyth County, North Carolina, US",37067
"Franklin County, North Carolina, US",37069
"Gaston County, North Carolina, US",37071
"Gates County, North Carolina, US",37073
"Graham County, North Carolina, US",37075
"Granville County, North Carolina, US",37077
"Greene County, North Carolina, US",37079
"Guilford County, North Carolina, US",37081
"Halifax County, North Carolina, US",37083
"Harnett County, North Carolina, US",37085
"Haywood County, North Carolina, US",37087
"Henderson County, North Carolina, US",37089
"Hertford County, North Carolina, US",37091
"Hoke County, North Carolina, US",37093
"Hyde County, North Carolina, US",37095
"Iredell County, North Carolina, US",37097
"Jackson County, North Carolina, US",37099
"Johnston County, North Carolina, US",37101
"Jones County, North Carolina, US",37103
"Lee County, North Carolina, US",37105
"Lenoir County, North Carolina, US",37107
"Lincoln County, North Carolina, US",37109
"McDowell County, North Carolina, US",37111
"Macon County, North Carolina, US",37113
"Madison County, North Carolina, US",37115
"Martin County, North Carolina, US",37117
"Mecklenburg County, North Carolina, US",37119
"Mitchell County, North Carolina, US",37121
"Montgomery County, North Carolina, US",37123
"Moore County, North Carolina, US",37125
"Nash County, North Carolina, US",37127
"New Hanover County, North Carolina, US",37129
"Northampton County, North Carolina, US",37131
"Onslow County, North Carolina, US",37133
"Orange County, North Carolina, US",37135
"Pamlico County, North Carolina, US",37137
"Pasquotank County, North Carolina, US",37139
"Pender County, North Carolina, US",37141
"Perquimans County, North Carolina, US",37143
"Person County, North Carolina, US",37145
"Pitt County, North Carolina, US",37147
"Polk County, North Carolina, US",37149
"Randolph County, North Carolina, US",37151
"Richmond County, North Carolina, US",37153
"Robeson County, North Carolina, US",37155
"Rockingham County, North Carolina, US",37157
"Rowan County, North Carolina, US",37159
"Rutherford County, North Carolina, US",37161
"Sampson County, North Carolina, US",37163
"Scotland County, North Carolina, US",37165
"Stanly County, North Carolina, US",37167
"Stokes County, North Carolina, US",37169
"Surry County, North Carolina, US",37171
"Swain County, North Carolina, US",37173
"Transylvania County, North Carolina, US",37175
"Tyrrell County, North Carolina, US",37177
"Union County, North Carolina, US",37179
"Vance County, North Carolina, US",37181
"Wake County, North Carolina, US",37183
"Warren County, North Carolina, US",37185
"Washington County, North Carolina, US",37187
"Watauga County, North Carolina, US",37189
"Wayne County, North Carolina, US",37191
"Wilkes County, North Carolina, US",37193
"Wilson County, North Carolina, US",37195
"Yadkin County, North Carolina, US",37197
"Yancey County, North Carolina, US",37199
"Adams County, North Dakota, US",38001
"Barnes County, North Dakota, US",38003
"Benson County, North Dakota, US",38005
"Billings County, North Dakota, US",38007
"Bottineau County, North Dakota, US",38009
"Bowman County, North Dakota, US",38011
"Burke County, North Dakota, US",38013
"Burleigh County, North Dakota, US",38015
"Cass County, North Dakota, US",38017
"Cavalier County, North Dakota, US",38019
"Dickey County, North Dakota, US",38021
"Divide County, North Dakota, US",38023
"Dunn County, North Dakota, US",38025
"Eddy County, North Dakota, US",38027
"Emmons County, North Dakota, US",38029
"Foster County, North Dakota, US",38031
"Golden Valley County, North Dakota, US",38033
"Grand Forks County, North Dakota, US",38035
"Grant County, North Dakota, US",38037
"Griggs County, North Dakota, US",38039
"Hettinger County, North Dakota, US",38041
"Kidder County, North Dakota, US",38043
"LaMoure County, North Dakota, US",38045
"Logan County, North Dakota, US",38047
"McHenry County, North Dakota, US",38049
"McIntosh County, North Dakota, US",38051
"McKenzie County, North Dakota, US",38053
"McLean County, North Dakota, US",38055
"Mercer County, North Dakota, US",38057
"Morton County, North Dakota, US",38059
"Mountrail County, North Dakota, US",38061
"Nelson County, North Dakota, US",38063
"Oliver County, North Dakota, US",38065
"Pembina County, North Dakota, US",38067
"Pierce County, North Dakota, US",38069
"Ramsey County, North Dakota, US",38071
"Ransom County, North Dakota, US",38073
"Renville County, North Dakota, US",38075
"Richland County, North Dakota, US",38077
"Rolette County, North Dakota, US",38079
"Sargent County, North Dakota, US",38081
"Sheridan County, North Dakota, US",38083
"Sioux County, North Dakota, US",38085
"Slope County, North Dakota, US",38087
"Stark County, North Dakota, US",38089
"Steele County, North Dakota, US",38091
"Stutsman County, North Dakota, US",38093
"Towner County, North Dakota, US",38095
"Traill County, North Dakota, US",38097
"Walsh County, North Dakota, US",38099
"Ward County, North Dakota, US",38101
"Wells County, North Dakota, US",38103
"Williams County, North Dakota, US",38105
"Adams County, Nebraska, US",31001
"Buffalo County, Nebraska, US",31019
"Cass County, Nebraska, US",31025
"Douglas County, Nebraska, US",31055
"Knox County, Nebraska, US",31107
"Lancaster County, Nebraska, US",31109
"Lincoln County, Nebraska, US",31111
"Nemaha County, Nebraska, US",31127
"Sarpy County, Nebraska, US",31153
"Belknap County, New Hampshire, US",33001
"Carroll County, New Hampshire, US",33003
"Cheshire County, New Hampshire, US",33005
"Grafton County, New Hampshire, US",33009
"Hillsborough County, New Hampshire, US",33011
"Merrimack County, New Hampshire, US",33013
"Rockingham County, New Hampshire, US",33015
"Strafford County, New Hampshire, US",33017
"Atlantic County, New Jersey, US",34001
"Bergen County, New Jersey, US",34003
"Burlington County, New Jersey, US",34005
"Camden County, New Jersey, US",34007
"Cape May County, New Jersey, US",34009
"Cumberland County, New Jersey, US",34011
"Essex County, New Jersey, US",34013
"Gloucester County, New Jersey, US",34015
"Hudson County, New Jersey, US",34017
"Hunterdon County, New Jersey, US",34019
"Mercer County, New Jersey, US",34021
"Middlesex County, New Jersey, US",34023
"Monmouth County, New Jersey, US",34025
"Morris County, New Jersey, US",34027
"Ocean County, New Jersey, US",34029
"Passaic County, New Jersey, US",34031
"Salem County, New Jersey, US",34033
"Somerset County, New Jersey, US",34035
"Sussex County, New Jersey, US",34037
"Union County, New Jersey, US",34039
"Warren County, New Jersey, US",34041
"Bernalillo County, New Mexico, US",35001
"Doa Ana County, New Mexico, US",35013
"Lea County, New Mexico, US",35025
"McKinley County, New Mexico, US",35031
"Sandoval County, New Mexico, US",35043
"San Miguel County, New Mexico, US",35047
"Santa Fe County, New Mexico, US",35049
"Socorro County, New Mexico, US",35053
"Taos County, New Mexico, US",35055
"Clark County, Nevada, US",32003
"Elko County, Nevada, US",32007
"Nye County, Nevada, US",32023
"Washoe County, Nevada, US",32031
"Albany County, New York, US",36001
"Allegany County, New York, US",36003
"Bronx County, New York, US",36005
"Broome County, New York, US",36007
"Cattaraugus County, New York, US",36009
"Cayuga County, New York, US",36011
"Chautauqua County, New York, US",36013
"Chemung County, New York, US",36015
"Chenango County, New York, US",36017
"Clinton County, New York, US",36019
"Columbia County, New York, US",36021
"Cortland County, New York, US",36023
"Delaware County, New York, US",36025
"Dutchess County, New York, US",36027
"Erie County, New York, US",36029
"Essex County, New York, US",36031
"Franklin County, New York, US",36033
"Fulton County, New York, US",36035
"Genesee County, New York, US",36037
"Greene County, New York, US",36039
"Hamilton County, New York, US",36041
"Herkimer County, New York, US",36043
"Jefferson County, New York, US",36045
"Kings County, New York, US",36047
"Lewis County, New York, US",36049
"Livingston County, New York, US",36051
"Madison County, New York, US",36053
"Monroe County, New York, US",36055
"Montgomery County, New York, US",36057
"Nassau County, New York, US",36059
"New York County, New York, US",36061
"Niagara County, New York, US",36063
"Oneida County, New York, US",36065
"Onondaga County, New York, US",36067
"Ontario County, New York, US",36069
"Orange County, New York, US",36071
"Orleans County, New York, US",36073
"Oswego County, New York, US",36075
"Otsego County, New York, US",36077
"Putnam County, New York, US",36079
"Queens County, New York, US",36081
"Rensselaer County, New York, US",36083
"Richmond County, New York, US",36085
"Rockland County, New York, US",36087
"St. Lawrence County, New York, US",36089
"Saratoga County, New York, US",36091
"Schenectady County, New York, US",36093
"Schoharie County, New York, US",36095
"Schuyler County, New York, US",36097
"Seneca County, New York, US",36099
"Steuben County, New York, US",36101
"Suffolk County, New York, US",36103
"Sullivan County, New York, US",36105
"Tioga County, New York, US",36107
"Tompkins County, New York, US",36109
"Ulster County, New York, US",36111
"Warren County, New York, US",36113
"Washington County, New York, US",36115
"Wayne County, New York, US",36117
"Westchester County, New York, US",36119
"Wyoming County, New York, US",36121
"Yates County, New York, US",36123
"Adams County, Ohio, US",39001
"Allen County, Ohio, US",39003
"Ashland County, Ohio, US",39005
"Ashtabula County, Ohio, US",39007
"Athens County, Ohio, US",39009
"Auglaize County, Ohio, US",39011
"Belmont County, Ohio, US",39013
"Brown County, Ohio, US",39015
"Butler County, Ohio, US",39017
"Carroll County, Ohio, US",39019
"Champaign County, Ohio, US",39021
"Clark County, Ohio, US",39023
"Clermont County, Ohio, US",39025
"Clinton County, Ohio, US",39027
"Columbiana County, Ohio, US",39029
"Coshocton County, Ohio, US",39031
"Crawford County, Ohio, US",39033
"Cuyahoga County, Ohio, US",39035
"Darke County, Ohio, US",39037
"Defiance County, Ohio, US",39039
"Delaware County, Ohio, US",39041
"Erie County, Ohio, US",39043
"Fairfield County, Ohio, US",39045
"Fayette County, Ohio, US",39047
"Franklin County, Ohio, US",39049
"Fulton County, Ohio, US",39051
"Gallia County, Ohio, US",39053
"Geauga County, Ohio, US",39055
"Greene County, Ohio, US",39057
"Guernsey County, Ohio, US",39059
"Hamilton County, Ohio, US",39061
"Hancock County, Ohio, US",39063
"Hardin County, Ohio, US",39065
"Harrison County, Ohio, US",39067
"Henry County, Ohio, US",39069
"Highland County, Ohio, US",39071
"Hocking County, Ohio, US",39073
"Holmes County, Ohio, US",39075
"Huron County, Ohio, US",39077
"Jackson County, Ohio, US",39079
"Jefferson County, Ohio, US",39081
"Knox County, Ohio, US",39083
"Lake County, Ohio, US",39085
"Lawrence County, Ohio, US",39087
"Licking County, Ohio, US",39089
"Logan County, Ohio, US",39091
"Lorain County, Ohio, US",39093
"Lucas County, Ohio, US",39095
"Madison County, Ohio, US",39097
"Mahoning County, Ohio, US",39099
"Marion County, Ohio, US",39101
"Medina County, Ohio, US",39103
"Meigs County, Ohio, US",39105
"Mercer County, Ohio, US",39107
"Miami County, Ohio, US",39109
"Monroe County, Ohio, US",39111
"Montgomery County, Ohio, US",39113
"Morgan County, Ohio, US",39115
"Morrow County, Ohio, US",39117
"Muskingum County, Ohio, US",39119
"Noble County, Ohio, US",39121
"Ottawa County, Ohio, US",39123
"Paulding County, Ohio, US",39125
"Perry County, Ohio, US",39127
"Pickaway County, Ohio, US",39129
"Pike County, Ohio, US",39131
"Portage County, Ohio, US",39133
"Preble County, Ohio, US",39135
"Putnam County, Ohio, US",39137
"Richland County, Ohio, US",39139
"Ross County, Ohio, US",39141
"Sandusky County, Ohio, US",39143
"Scioto County, Ohio, US",39145
"Seneca County, Ohio, US",39147
"Shelby County, Ohio, US",39149
"Stark County, Ohio, US",39151
"Summit County, Ohio, US",39153
"Trumbull County, Ohio, US",39155
"Tuscarawas County, Ohio, US",39157
"Union County, Ohio, US",39159
"Van Wert County, Ohio, US",39161
"Vinton County, Ohio, US",39163
"Warren County, Ohio, US",39165
"Washington County, Ohio, US",39167
"Wayne County, Ohio, US",39169
"Williams County, Ohio, US",39171
"Wood County, Ohio, US",39173
"Wyandot County, Ohio, US",39175
"Adair County, Oklahoma, US",40001
"Alfalfa County, Oklahoma, US",40003
"Atoka County, Oklahoma, US",40005
"Beaver County, Oklahoma, US",40007
"Beckham County, Oklahoma, US",40009
"Blaine County, Oklahoma, US",40011
"Bryan County, Oklahoma, US",40013
"Caddo County, Oklahoma, US",40015
"Canadian County, Oklahoma, US",40017
"Carter County, Oklahoma, US",40019
"Cherokee County, Oklahoma, US",40021
"Choctaw County, Oklahoma, US",40023
"Cimarron County, Oklahoma, US",40025
"Cleveland County, Oklahoma, US",40027
"Coal County, Oklahoma, US",40029
"Comanche County, Oklahoma, US",40031
"Cotton County, Oklahoma, US",40033
"Craig County, Oklahoma, US",40035
"Creek County, Oklahoma, US",40037
"Custer County, Oklahoma, US",40039
"Delaware County, Oklahoma, US",40041
"Dewey County, Oklahoma, US",40043
"Ellis County, Oklahoma, US",40045
"Garfield County, Oklahoma, US",40047
"Garvin County, Oklahoma, US",40049
"Grady County, Oklahoma, US",40051
"Grant County, Oklahoma, US",40053
"Greer County, Oklahoma, US",40055
"Harmon County, Oklahoma, US",40057
"Harper County, Oklahoma, US",40059
"Haskell County, Oklahoma, US",40061
"Hughes County, Oklahoma, US",40063
"Jackson County, Oklahoma, US",40065
"Jefferson County, Oklahoma, US",40067
"Johnston County, Oklahoma, US",40069
"Kay County, Oklahoma, US",40071
"Kingfisher County, Oklahoma, US",40073
"Kiowa County, Oklahoma, US",40075
"Latimer County, Oklahoma, US",40077
"Le Flore County, Oklahoma, US",40079
"Lincoln County, Oklahoma, US",40081
"Logan County, Oklahoma, US",40083
"Love County, Oklahoma, US",40085
"McClain County, Oklahoma, US",40087
"McCurtain County, Oklahoma, US",40089
"McIntosh County, Oklahoma, US",40091
"Major County, Oklahoma, US",40093
"Marshall County, Oklahoma, US",40095
"Mayes County, Oklahoma, US",40097
"Murray County, Oklahoma, US",40099
"Muskogee County, Oklahoma, US",40101
"Noble County, Oklahoma, US",40103
"Nowata County, Oklahoma, US",40105
"Okfuskee County, Oklahoma, US",40107
"Oklahoma County, Oklahoma, US",40109
"Okmulgee County, Oklahoma, US",40111
"Osage County, Oklahoma, US",40113
"Ottawa County, Oklahoma, US",40115
"Pawnee County, Oklahoma, US",40117
"Payne County, Oklahoma, US",40119
"Pittsburg County, Oklahoma, US",40121
"Pontotoc County, Oklahoma, US",40123
"Pottawatomie County, Oklahoma, US",40125
"Pushmataha County, Oklahoma, US",40127
"Roger Mills County, Oklahoma, US",40129
"Rogers County, Oklahoma, US",40131
"Seminole County, Oklahoma, US",40133
"Sequoyah County, Oklahoma, US",40135
"Stephens County, Oklahoma, US",40137
"Texas County, Oklahoma, US",40139
"Tillman County, Oklahoma, US",40141
"Tulsa County, Oklahoma, US",40143
"Wagoner County, Oklahoma, US",40145
"Washington County, Oklahoma, US",40147
"Washita County, Oklahoma, US",40149
"Woods County, Oklahoma, US",40151
"Woodward County, Oklahoma, US",40153
"Baker County, Oregon, US",41001
"Benton County, Oregon, US",41003
"Clackamas County, Oregon, US",41005
"Clatsop County, Oregon, US",41007
"Columbia County, Oregon, US",41009
"Coos County, Oregon, US",41011
"Crook County, Oregon, US",41013
"Curry County, Oregon, US",41015
"Deschutes County, Oregon, US",41017
"Douglas County, Oregon, US",41019
"Gilliam County, Oregon, US",41021
"Grant County, Oregon, US",41023
"Harney County, Oregon, US",41025
"Hood River County, Oregon, US",41027
"Jackson County, Oregon, US",41029
"Jefferson County, Oregon, US",41031
"Josephine County, Oregon, US",41033
"Klamath County, Oregon, US",41035
"Lake County, Oregon, US",41037
"Lane County, Oregon, US",41039
"Lincoln County, Oregon, US",41041
"Linn County, Oregon, US",41043
"Malheur County, Oregon, US",41045
"Marion County, Oregon, US",41047
"Morrow County, Oregon, US",41049
"Multnomah County, Oregon, US",41051
"Polk County, Oregon, US",41053
"Sherman County, Oregon, US",41055
"Tillamook County, Oregon, US",41057
"Umatilla County, Oregon, US",41059
"Union County, Oregon, US",41061
"Wallowa County, Oregon, US",41063
"Wasco County, Oregon, US",41065
"Washington County, Oregon, US",41067
"Wheeler County, Oregon, US",41069
"Yamhill County, Oregon, US",41071
"Adams County, Pennsylvania, US",42001
"Allegheny County, Pennsylvania, US",42003
"Beaver County, Pennsylvania, US",42007
"Berks County, Pennsylvania, US",42011
"Bucks County, Pennsylvania, US",42017
"Chester County, Pennsylvania, US",42029
"Cumberland County, Pennsylvania, US",42041
"Delaware County, Pennsylvania, US",42045
"Lackawanna County, Pennsylvania, US",42069
"Lancaster County, Pennsylvania, US",42071
"Lebanon County, Pennsylvania, US",42075
"Lehigh County, Pennsylvania, US",42077
"Luzerne County, Pennsylvania, US",42079
"Monroe County, Pennsylvania, US",42089
"Montgomery County, Pennsylvania, US",42091
"Northampton County, Pennsylvania, US",42095
"Philadelphia County, Pennsylvania, US",42101
"Pike County, Pennsylvania, US",42103
"Washington County, Pennsylvania, US",42125
"Wayne County, Pennsylvania, US",42127
"Westmoreland County, Pennsylvania, US",42129
"York County, Pennsylvania, US",42133
"Abbeville County, South Carolina, US",45001
"Aiken County, South Carolina, US",45003
"Allendale County, South Carolina, US",45005
"Anderson County, South Carolina, US",45007
"Bamberg County, South Carolina, US",45009
"Barnwell County, South Carolina, US",45011
"Beaufort County, South Carolina, US",45013
"Berkeley County, South Carolina, US",45015
"Calhoun County, South Carolina, US",45017
"Charleston County, South Carolina, US",45019
"Cherokee County, South Carolina, US",45021
"Chester County, South Carolina, US",45023
"Chesterfield County, South Carolina, US",45025
"Clarendon County, South Carolina, US",45027
"Colleton County, South Carolina, US",45029
"Darlington County, South Carolina, US",45031
"Dillon County, South Carolina, US",45033
"Dorchester County, South Carolina, US",45035
"Edgefield County, South Carolina, US",45037
"Fairfield County, South Carolina, US",45039
"Florence County, South Carolina, US",45041
"Georgetown County, South Carolina, US",45043
"Greenville County, South Carolina, US",45045
"Greenwood County, South Carolina, US",45047
"Hampton County, South Carolina, US",45049
"Horry County, South Carolina, US",45051
"Jasper County, South Carolina, US",45053
"Kershaw County, South Carolina, US",45055
"Lancaster County, South Carolina, US",45057
"Laurens County, South Carolina, US",45059
"Lee County, South Carolina, US",45061
"Lexington County, South Carolina, US",45063
"McCormick County, South Carolina, US",45065
"Marion County, South Carolina, US",45067
"Marlboro County, South Carolina, US",45069
"Newberry County, South Carolina, US",45071
"Oconee County, South Carolina, US",45073
"Orangeburg County, South Carolina, US",45075
"Pickens County, South Carolina, US",45077
"Richland County, South Carolina, US",45079
"Saluda County, South Carolina, US",45081
"Spartanburg County, South Carolina, US",45083
"Sumter County, South Carolina, US",45085
"Union County, South Carolina, US",45087
"Williamsburg County, South Carolina, US",45089
"York County, South Carolina, US",45091
"Beadle County, South Dakota, US",46005
"Bon Homme County, South Dakota, US",46009
"Charles Mix County, South Dakota, US",46023
"Davison County, South Dakota, US",46035
"McCook County, South Dakota, US",46087
"Minnehaha County, South Dakota, US",46099
"Anderson County, Tennessee, US",47001
"Bedford County, Tennessee, US",47003
"Benton County, Tennessee, US",47005
"Bledsoe County, Tennessee, US",47007
"Blount County, Tennessee, US",47009
"Bradley County, Tennessee, US",47011
"Campbell County, Tennessee, US",47013
"Cannon County, Tennessee, US",47015
"Carroll County, Tennessee, US",47017
"Carter County, Tennessee, US",47019
"Cheatham County, Tennessee, US",47021
"Chester County, Tennessee, US",47023
"Claiborne County, Tennessee, US",47025
"Clay County, Tennessee, US",47027
"Cocke County, Tennessee, US",47029
"Coffee County, Tennessee, US",47031
"Crockett County, Tennessee, US",47033
"Cumberland County, Tennessee, US",47035
"Davidson County, Tennessee, US",47037
"Decatur County, Tennessee, US",47039
"DeKalb County, Tennessee, US",47041
"Dickson County, Tennessee, US",47043
"Dyer County, Tennessee, US",47045
"Fayette County, Tennessee, US",47047
"Fentress County, Tennessee, US",47049
"Franklin County, Tennessee, US",47051
"Gibson County, Tennessee, US",47053
"Giles County, Tennessee, US",47055
"Grainger County, Tennessee, US",47057
"Greene County, Tennessee, US",47059
"Grundy County, Tennessee, US",47061
"Hamblen County, Tennessee, US",47063
"Hamilton County, Tennessee, US",47065
"Hancock County, Tennessee, US",47067
"Hardeman County, Tennessee, US",47069
"Hardin County, Tennessee, US",47071
"Hawkins County, Tennessee, US",47073
"Haywood County, Tennessee, US",47075
"Henderson County, Tennessee, US",47077
"Henry County, Tennessee, US",47079
"Hickman County, Tennessee, US",47081
"Houston County, Tennessee, US",47083
"Humphreys County, Tennessee, US",47085
"Jackson County, Tennessee, US",47087
"Jefferson County, Tennessee, US",47089
"Johnson County, Tennessee, US",47091
"Knox County, Tennessee, US",47093
"Lake County, Tennessee, US",47095
"Lauderdale County, Tennessee, US",47097
"Lawrence County, Tennessee, US",47099
"Lewis County, Tennessee, US",47101
"Lincoln County, Tennessee, US",47103
"Loudon County, Tennessee, US",47105
"McMinn County, Tennessee, US",47107
"McNairy County, Tennessee, US",47109
"Macon County, Tennessee, US",47111
"Madison County, Tennessee, US",47113
"Marion County, Tennessee, US",47115
"Marshall County, Tennessee, US",47117
"Maury County, Tennessee, US",47119
"Meigs County, Tennessee, US",47121
"Monroe County, Tennessee, US",47123
"Montgomery County, Tennessee, US",47125
"Moore County, Tennessee, US",47127
"Morgan County, Tennessee, US",47129
"Obion County, Tennessee, US",47131
"Overton County, Tennessee, US",47133
"Perry County, Tennessee, US",47135
"Pickett County, Tennessee, US",47137
"Polk County, Tennessee, US",47139
"Putnam County, Tennessee, US",47141
"Rhea County, Tennessee, US",47143
"Roane County, Tennessee, US",47145
"Robertson County, Tennessee, US",47147
"Rutherford County, Tennessee, US",47149
"Scott County, Tennessee, US",47151
"Sequatchie County, Tennessee, US",47153
"Sevier County, Tennessee, US",47155
"Shelby County, Tennessee, US",47157
"Smith County, Tennessee, US",47159
"Stewart County, Tennessee, US",47161
"Sullivan County, Tennessee, US",47163
"Sumner County, Tennessee, US",47165
"Tipton County, Tennessee, US",47167
"Trousdale County, Tennessee, US",47169
"Unicoi County, Tennessee, US",47171
"Union County, Tennessee, US",47173
"Van Buren County, Tennessee, US",47175
"Warren County, Tennessee, US",47177
"Washington County, Tennessee, US",47179
"Wayne County, Tennessee, US",47181
"Weakley County, Tennessee, US",47183
"White County, Tennessee, US",47185
"Williamson County, Tennessee, US",47187
"Wilson County, Tennessee, US",47189
"Bell County, Texas, US",48027
"Bexar County, Texas, US",48029
"Bowie County, Texas, US",48037
"Brazoria County, Texas, US",48039
"Brazos County, Texas, US",48041
"Collin County, Texas, US",48085
"Dallas County, Texas, US",48113
"Denton County, Texas, US",48121
"Ellis County, Texas, US",48139
"El Paso County, Texas, US",48141
"Fort Bend County, Texas, US",48157
"Galveston County, Texas, US",48167
"Gregg County, Texas, US",48183
"Harris County, Texas, US",48201
"Hays County, Texas, US",48209
"Lavaca County, Texas, US",48285
"Lubbock County, Texas, US",48303
"McLennan County, Texas, US",48309
"Matagorda County, Texas, US",48321
"Medina County, Texas, US",48325
"Montgomery County, Texas, US",48339
"Rusk County, Texas, US",48401
"Smith County, Texas, US",48423
"Tarrant County, Texas, US",48439
"Travis County, Texas, US",48453
"Webb County, Texas, US",48479
"Wichita County, Texas, US",48485
"Williamson County, Texas, US",48491
"Beaver County, Utah, US",49001
"Box Elder County, Utah, US",49003
"Cache County, Utah, US",49005
"Carbon County, Utah, US",49007
"Daggett County, Utah, US",49009
"Davis County, Utah, US",49011
"Duchesne County, Utah, US",49013
"Emery County, Utah, US",49015
"Garfield County, Utah, US",49017
"Grand County, Utah, US",49019
"Iron County, Utah, US",49021
"Juab County, Utah, US",49023
"Kane County, Utah, US",49025
"Millard County, Utah, US",49027
"Morgan County, Utah, US",49029
"Piute County, Utah, US",49031
"Rich County, Utah, US",49033
"Salt Lake County, Utah, US",49035
"San Juan County, Utah, US",49037
"Sanpete County, Utah, US",49039
"Sevier County, Utah, US",49041
"Summit County, Utah, US",49043
"Tooele County, Utah, US",49045
"Uintah County, Utah, US",49047
"Utah County, Utah, US",49049
"Wasatch County, Utah, US",49051
"Washington County, Utah, US",49053
"Wayne County, Utah, US",49055
"Weber County, Utah, US",49057
"Accomack County, Virginia, US",51001
"Albemarle County, Virginia, US",51003
"Alleghany County, Virginia, US",51005
"Amelia County, Virginia, US",51007
"Amherst County, Virginia, US",51009
"Appomattox County, Virginia, US",51011
"Arlington County, Virginia, US",51013
"Augusta County, Virginia, US",51015
"Bath County, Virginia, US",51017
"Bedford County, Virginia, US",51019
"Bland County, Virginia, US",51021
"Botetourt County, Virginia, US",51023
"Brunswick County, Virginia, US",51025
"Buchanan County, Virginia, US",51027
"Buckingham County, Virginia, US",51029
"Campbell County, Virginia, US",51031
"Caroline County, Virginia, US",51033
"Carroll County, Virginia, US",51035
"Charles City County, Virginia, US",51036
"Charlotte County, Virginia, US",51037
"Chesterfield County, Virginia, US",51041
"Clarke County, Virginia, US",51043
"Craig County, Virginia, US",51045
"Culpeper County, Virginia, US",51047
"Cumberland County, Virginia, US",51049
"Dickenson County, Virginia, US",51051
"Dinwiddie County, Virginia, US",51053
"Essex County, Virginia, US",51057
"Fairfax County, Virginia, US",51059
"Fauquier County, Virginia, US",51061
"Floyd County, Virginia, US",51063
"Fluvanna County, Virginia, US",51065
"Franklin County, Virginia, US",51067
"Frederick County, Virginia, US",51069
"Giles County, Virginia, US",51071
"Gloucester County, Virginia, US",51073
"Goochland County, Virginia, US",51075
"Grayson County, Virginia, US",51077
"Greene County, Virginia, US",51079
"Greensville County, Virginia, US",51081
"Halifax County, Virginia, US",51083
"Hanover County, Virginia, US",51085
"Henrico County, Virginia, US",51087
"Henry County, Virginia, US",51089
"Highland County, Virginia, US",51091
"Isle of Wight County, Virginia, US",51093
"James City County, Virginia, US",51095
"King and Queen County, Virginia, US",51097
"King George County, Virginia, US",51099
"King William County, Virginia, US",51101
"Lancaster County, Virginia, US",51103
"Lee County, Virginia, US",51105
"Loudoun County, Virginia, US",51107
"Louisa County, Virginia, US",51109
"Lunenburg County, Virginia, US",51111
"Madison County, Virginia, US",51113
"Mathews County, Virginia, US",51115
"Mecklenburg County, Virginia, US",51117
"Middlesex County, Virginia, US",51119
"Montgomery County, Virginia, US",51121
"Nelson County, Virginia, US",51125
"New Kent County, Virginia, US",51127
"Northampton County, Virginia, US",51131
"Northumberland County, Virginia, US",51133
"Nottoway County, Virginia, US",51135
"Orange County, Virginia, US",51137
"Page County, Virginia, US",51139
"Patrick County, Virginia, US",51141
"Pittsylvania County, Virginia, US",51143
"Powhatan County, Virginia, US",51145
"Prince Edward County, Virginia, US",51147
"Prince George County, Virginia, US",51149
"Prince William County, Virginia, US",51153
"Pulaski County, Virginia, US",51155
"Rappahannock County, Virginia, US",51157
"Richmond County, Virginia, US",51159
"Roanoke County, Virginia, US",51161
"Rockbridge County, Virginia, US",51163
"Rockingham County, Virginia, US",51165
"Russell County, Virginia, US",51167
"Scott County, Virginia, US",51169
"Shenandoah County, Virginia, US",51171
"Smyth County, Virginia, US",51173
"Southampton County, Virginia, US",51175
"Spotsylvania County, Virginia, US",51177
"Stafford County, Virginia, US",51179
"Surry County, Virginia, US",51181
"Sussex County, Virginia, US",51183
"Tazewell County, Virginia, US",51185
"Warren County, Virginia, US",51187
"Washington County, Virginia, US",51191
"Westmoreland County, Virginia, US",51193
"Wise County, Virginia, US",51195
"Wythe County, Virginia, US",51197
"York County, Virginia, US",51199
"Alexandria City, Virginia, US",51510
"Bristol City, Virginia, US",51520
"Buena Vista City, Virginia, US",51530
"Charlottesville City, Virginia, US",51540
"Chesapeake City, Virginia, US",51550
"Colonial Heights City, Virginia, US",51570
"Covington City, Virginia, US",51580
"Danville City, Virginia, US",51590
"Emporia City, Virginia, US",51595
"Fairfax City, Virginia, US",51600
"Falls Church City, Virginia, US",51610
"Franklin City, Virginia, US",51620
"Fredericksburg City, Virginia, US",51630
"Galax City, Virginia, US",51640
"Hampton City, Virginia, US",51650
"Harrisonburg City, Virginia, US",51660
"Hopewell City, Virginia, US",51670
"Lexington City, Virginia, US",51678
"Lynchburg City, Virginia, US",51680
"Manassas City, Virginia, US",51683
"Manassas Park City, Virginia, US",51685
"Martinsville City, Virginia, US",51690
"Newport News City, Virginia, US",51700
"Norfolk City, Virginia, US",51710
"Norton City, Virginia, US",51720
"Petersburg City, Virginia, US",51730
"Poquoson City, Virginia, US",51735
"Portsmouth City, Virginia, US",51740
"Radford City, Virginia, US",51750
"Richmond City, Virginia, US",51760
"Roanoke City, Virginia, US",51770
"Salem City, Virginia, US",51775
"Staunton City, Virginia, US",51790
"Suffolk City, Virginia, US",51800
"Virginia Beach City, Virginia, US",51810
"Waynesboro City, Virginia, US",51820
"Williamsburg City, Virginia, US",51830
"Winchester City, Virginia, US",51840
"Bennington County, Vermont, US",50003
"Chittenden County, Vermont, US",50007
"Orange County, Vermont, US",50017
"Washington County, Vermont, US",50023
"Windsor County, Vermont, US",50027
"Adams County, Washington, US",53001
"Asotin County, Washington, US",53003
"Benton County, Washington, US",53005
"Chelan County, Washington, US",53007
"Clallam County, Washington, US",53009
"Clark County, Washington, US",53011
"Columbia County, Washington, US",53013
"Cowlitz County, Washington, US",53015
"Douglas County, Washington, US",53017
"Ferry County, Washington, US",53019
"Franklin County, Washington, US",53021
"Garfield County, Washington, US",53023
"Grant County, Washington, US",53025
"Grays Harbor County, Washington, US",53027
"Island County, Washington, US",53029
"Jefferson County, Washington, US",53031
"King County, Washington, US",53033
"Kitsap County, Washington, US",53035
"Kittitas County, Washington, US",53037
"Klickitat County, Washington, US",53039
"Lewis County, Washington, US",53041
"Lincoln County, Washington, US",53043
"Mason County, Washington, US",53045
"Okanogan County, Washington, US",53047
"Pacific County, Washington, US",53049
"Pend Oreille County, Washington, US",53051
"Pierce County, Washington, US",53053
"San Juan County, Washington, US",53055
"Skagit County, Washington, US",53057
"Skamania County, Washington, US",53059
"Snohomish County, Washington, US",53061
"Spokane County, Washington, US",53063
"Stevens County, Washington, US",53065
"Thurston County, Washington, US",53067
"Wahkiakum County, Washington, US",53069
"Walla Walla County, Washington, US",53071
"Whatcom County, Washington, US",53073
"Whitman County, Washington, US",53075
"Yakima County, Washington, US",53077
"Adams County, Wisconsin, US",55001
"Ashland County, Wisconsin, US",55003
"Barron County, Wisconsin, US",55005
"Bayfield County, Wisconsin, US",55007
"Brown County, Wisconsin, US",55009
"Buffalo County, Wisconsin, US",55011
"Burnett County, Wisconsin, US",55013
"Calumet County, Wisconsin, US",55015
"Chippewa County, Wisconsin, US",55017
"Clark County, Wisconsin, US",55019
"Columbia County, Wisconsin, US",55021
"Crawford County, Wisconsin, US",55023
"Dane County, Wisconsin, US",55025
"Dodge County, Wisconsin, US",55027
"Door County, Wisconsin, US",55029
"Douglas County, Wisconsin, US",55031
"Dunn County, Wisconsin, US",55033
"Eau Claire County, Wisconsin, US",55035
"Florence County, Wisconsin, US",55037
"Fond du Lac County, Wisconsin, US",55039
"Forest County, Wisconsin, US",55041
"Grant County, Wisconsin, US",55043
"Green County, Wisconsin, US",55045
"Green Lake County, Wisconsin, US",55047
"Iowa County, Wisconsin, US",55049
"Iron County, Wisconsin, US",55051
"Jackson County, Wisconsin, US",55053
"Jefferson County, Wisconsin, US",55055
"Juneau County, Wisconsin, US",55057
"Kenosha County, Wisconsin, US",55059
"Kewaunee County, Wisconsin, US",55061
"La Crosse County, Wisconsin, US",55063
"Lafayette County, Wisconsin, US",55065
"Langlade County, Wisconsin, US",55067
"Lincoln County, Wisconsin, US",55069
"Manitowoc County, Wisconsin, US",55071
"Marathon County, Wisconsin, US",55073
"Marinette County, Wisconsin, US",55075
"Marquette County, Wisconsin, US",55077
"Menominee County, Wisconsin, US",55078
"Milwaukee County, Wisconsin, US",55079
"Monroe County, Wisconsin, US",55081
"Oconto County, Wisconsin, US",55083
"Oneida County, Wisconsin, US",55085
"Outagamie County, Wisconsin, US",55087
"Ozaukee County, Wisconsin, US",55089
"Pepin County, Wisconsin, US",55091
"Pierce County, Wisconsin, US",55093
"Polk County, Wisconsin, US",55095
"Portage County, Wisconsin, US",55097
"Price County, Wisconsin, US",55099
"Racine County, Wisconsin, US",55101
"Richland County, Wisconsin, US",55103
"Rock County, Wisconsin, US",55105
"Rusk County, Wisconsin, US",55107
"St. Croix County, Wisconsin, US",55109
"Sauk County, Wisconsin, US",55111
"Sawyer County, Wisconsin, US",55113
"Shawano County, Wisconsin, US",55115
"Sheboygan County, Wisconsin, US",55117
"Taylor County, Wisconsin, US",55119
"Trempealeau County, Wisconsin, US",55121
"Vernon County, Wisconsin, US",55123
"Vilas County, Wisconsin, US",55125
"Walworth County, Wisconsin, US",55127
"Washburn County, Wisconsin, US",55129
"Washington County, Wisconsin, US",55131
"Waukesha County, Wisconsin, US",55133
"Waupaca County, Wisconsin, US",55135
"Waushara County, Wisconsin, US",55137
"Winnebago County, Wisconsin, US",55139
"Wood County, Wisconsin, US",55141
"Barbour County, West Virginia, US",54001
"Berkeley County, West Virginia, US",54003
"Boone County, West Virginia, US",54005
"Braxton County, West Virginia, US",54007
"Brooke County, West Virginia, US",54009
"Cabell County, West Virginia, US",54011
"Calhoun County, West Virginia, US",54013
"Clay County, West Virginia, US",54015
"Doddridge County, West Virginia, US",54017
"Fayette County, West Virginia, US",54019
"Gilmer County, West Virginia, US",54021
"Grant County, West Virginia, US",54023
"Greenbrier County, West Virginia, US",54025
"Hampshire County, West Virginia, US",54027
"Hancock County, West Virginia, US",54029
"Hardy County, West Virginia, US",54031
"Harrison County, West Virginia, US",54033
"Jackson County, West Virginia, US",54035
"Jefferson County, West Virginia, US",54037
"Kanawha County, West Virginia, US",54039
"Lewis County, West Virginia, US",54041
"Lincoln County, West Virginia, US",54043
"Logan County, West Virginia, US",54045
"McDowell County, West Virginia, US",54047
"Marion County, West Virginia, US",54049
"Marshall County, West Virginia, US",54051
"Mason County, West Virginia, US",54053
"Mercer County, West Virginia, US",54055
"Mineral County, West Virginia, US",54057
"Mingo County, West Virginia, US",54059
"Monongalia County, West Virginia, US",54061
"Monroe County, West Virginia, US",54063
"Morgan County, West Virginia, US",54065
"Nicholas County, West Virginia, US",54067
"Ohio County, West Virginia, US",54069
"Pendleton County, West Virginia, US",54071
"Pleasants County, West Virginia, US",54073
"Pocahontas County, West Virginia, US",54075
"Preston County, West Virginia, US",54077
"Putnam County, West Virginia, US",54079
"Raleigh County, West Virginia, US",54081
"Randolph County, West Virginia, US",54083
"Ritchie County, West Virginia, US",54085
"Roane County, West Virginia, US",54087
"Summers County, West Virginia, US",54089
"Taylor County, West Virginia, US",54091
"Tucker County, West Virginia, US",54093
"Tyler County, West Virginia, US",54095
"Upshur County, West Virginia, US",54097
"Wayne County, West Virginia, US",54099
"Webster County, West Virginia, US",54101
"Wetzel County, West Virginia, US",54103
"Wirt County, West Virginia, US",54105
"Wood County, West Virginia, US",54107
"Wyoming County, West Virginia, US",54109
"Albany County, Wyoming, US",56001
"Big Horn County, Wyoming, US",56003
"Campbell County, Wyoming, US",56005
"Carbon County, Wyoming, US",56007
"Converse County, Wyoming, US",56009
"Crook County, Wyoming, US",56011
"Fremont County, Wyoming, US",56013
"Goshen County, Wyoming, US",56015
"Hot Springs County, Wyoming, US",56017
"Johnson County, Wyoming, US",56019
"Laramie County, Wyoming, US",56021
"Lincoln County, Wyoming, US",56023
"Natrona County, Wyoming, US",56025
"Niobrara County, Wyoming, US",56027
"Park County, Wyoming, US",56029
"Platte County, Wyoming, US",56031
"Sheridan County, Wyoming, US",56033
"Sublette County, Wyoming, US",56035
"Sweetwater County, Wyoming, US",56037
"Teton County, Wyoming, US",56039
"Uinta County, Wyoming, US",56041
"Washakie County, Wyoming, US",56043
"Weston County, Wyoming, US",56045
